model,accuracy,f1_score
MLP,0.8360655737704918,0.84375
LightGBM,0.9016393442622951,0.896551724137931
